time,acc_x,acc_y,acc_z,gyro_x,gyro_y,gyro_z
0.000000,0.050281,9.771568,0.012694,0.005725,-0.014029,0.005139
0.010000,-0.001272,9.791892,0.047686,-0.016733,-0.014459,-0.000358
0.020000,0.064089,9.826543,-0.044206,0.024986,-0.000229,0.003013
0.030000,-0.033445,9.782339,-0.061292,0.007218,-0.003039,0.006679
0.040000,0.035158,9.794470,-0.078323,0.015372,-0.003192,0.011615
0.050000,0.048734,9.755890,-0.001322,0.002691,0.021664,0.016158
0.060000,0.040785,9.801301,-0.025092,0.005940,0.010647,0.005441
0.070000,-0.010900,9.812056,0.037630,-0.007536,-0.012177,0.003548
0.080000,0.116925,9.858836,0.035285,0.016376,0.006580,0.003471
0.090000,-0.019763,9.767641,0.055646,-0.002120,-0.011610,0.001449
0.100000,-0.027043,9.876276,-0.042143,-0.001161,-0.021412,0.006207
0.110000,0.037318,9.813893,0.057144,-0.002221,-0.004037,0.004026
0.120000,0.057071,9.793091,-0.025017,-0.007800,-0.016839,-0.002838
0.130000,0.021505,9.846775,0.014340,0.003442,-0.022529,-0.017512
0.140000,0.025414,9.714978,-0.060250,0.003031,-0.000343,0.006891
0.150000,-0.030695,9.827026,0.030272,-0.017663,0.004483,-0.002357
0.160000,-0.006462,9.813457,-0.045179,0.003252,-0.012757,0.015220
0.170000,-0.024491,9.797456,-0.000980,-0.022962,-0.009734,-0.000200
0.180000,0.072901,9.895021,0.017778,0.022174,-0.002531,0.010675
0.190000,0.015512,9.797723,0.021687,0.002770,-0.020539,-0.007525
0.200000,-0.110634,9.833749,0.006529,0.000915,-0.011999,-0.001366
0.210000,0.059040,9.831742,-0.113646,0.005171,0.009615,-0.013435
0.220000,-0.044492,9.750412,0.030381,-0.005526,0.008921,0.001043
0.230000,0.028470,9.865738,-0.101041,-0.009188,-0.004749,-0.016784
0.240000,-0.004647,9.813130,0.039481,0.001351,0.013645,-0.000435
0.250000,0.048570,9.741140,-0.035198,-0.004812,-0.001738,-0.001904
0.260000,0.045722,9.859451,-0.046478,-0.004581,-0.008522,-0.001430
0.270000,0.026499,9.841724,-0.080128,0.009138,-0.001071,-0.026078
0.280000,-0.078293,9.773810,-0.051171,0.002006,0.006728,0.000419
0.290000,-0.042927,9.795654,0.025219,-0.006608,-0.013049,0.022688
0.300000,0.090880,9.720534,-0.004982,-0.003211,-0.002779,0.014054
0.310000,-0.010826,9.777210,-0.004130,0.013935,0.001040,-0.016272
0.320000,-0.053524,9.789038,-0.011047,0.000832,-0.006281,0.008669
0.330000,0.005280,9.857998,0.038281,0.022524,0.005489,0.002352
0.340000,0.000138,9.875208,0.033086,0.006635,-0.019377,0.001795
0.350000,0.012358,9.851368,0.037028,0.005179,0.008918,-0.018043
0.360000,-0.069218,9.850428,0.017511,-0.006221,0.012806,0.015520
0.370000,-0.087526,9.830275,0.070979,-0.004290,-0.010154,0.005893
0.380000,-0.051572,9.782725,-0.048597,-0.011656,0.012375,0.008865
0.390000,0.062648,9.822740,-0.009055,0.002125,0.004353,-0.004593
0.400000,0.042015,9.815051,-0.056170,0.008587,0.003619,0.005260
0.410000,0.021266,9.835038,0.015639,0.002064,-0.010371,-0.016116
0.420000,0.104737,9.764062,-0.004380,-0.008545,-0.002473,-0.019830
0.430000,-0.061108,9.892981,0.008765,-0.005187,-0.004086,-0.018336
0.440000,-0.032469,9.878952,-0.019534,0.001051,-0.010737,-0.009172
0.450000,0.066318,9.856006,0.043111,-0.011112,0.027816,-0.012017
0.460000,-0.034126,9.887913,-0.015959,-0.004091,-0.008464,-0.013442
0.470000,-0.015361,9.776649,-0.126096,0.009699,-0.009238,-0.003965
0.480000,-0.074291,9.744948,0.030333,-0.003666,0.017920,-0.004207
0.490000,-0.022233,9.822810,0.034291,0.010666,-0.000674,0.004375
0.500000,0.057655,9.771422,0.028155,0.007385,-0.003105,-0.006865
0.510000,-0.015105,9.838298,-0.046849,0.003459,0.006180,0.006653
0.520000,0.010934,9.771074,-0.009970,-0.006858,0.014285,0.003317
0.530000,-0.118764,9.823850,-0.077070,0.004642,-0.001982,-0.001869
0.540000,0.002960,9.809153,0.051931,0.010434,-0.002460,0.015021
0.550000,-0.002614,9.812106,0.003735,-0.007790,0.005371,-0.009719
0.560000,0.020489,9.831183,-0.043561,0.000056,-0.015293,0.015250
0.570000,-0.032245,9.826217,0.000795,-0.004971,0.008234,-0.005219
0.580000,-0.018218,9.796672,0.041604,0.007759,0.010753,-0.005978
0.590000,0.108817,9.868796,-0.012778,0.005828,0.002646,0.014193
0.600000,0.058596,9.804796,-0.091108,0.001460,0.003122,0.003098
0.610000,-0.052067,9.709376,0.015227,0.004957,0.006940,-0.002784
0.620000,0.062392,9.780748,-0.025579,-0.006333,-0.008522,0.015665
0.630000,-0.035643,9.726445,0.014114,0.010203,-0.001343,0.003925
0.640000,0.002781,9.837396,0.079535,0.012269,-0.013455,-0.015745
0.650000,0.014798,9.834537,0.008862,-0.010043,0.005194,0.004934
0.660000,0.010836,9.756113,0.035122,0.007987,-0.007373,0.002080
0.670000,0.045853,9.812346,-0.014523,0.001548,-0.025954,0.005976
0.680000,0.015667,9.787427,0.024035,-0.003613,-0.008379,-0.006163
0.690000,0.010419,9.848657,0.049881,0.001458,0.012472,-0.020895
0.700000,0.016072,9.829438,-0.003997,0.000795,0.003325,0.010463
0.710000,0.008194,9.938034,-0.047994,0.016015,-0.000272,0.004694
0.720000,0.016805,9.786709,0.041841,0.011555,0.007979,-0.008520
0.730000,-0.012734,9.806831,-0.049130,-0.011916,-0.003376,-0.002027
0.740000,0.038107,9.710407,-0.027576,0.021359,-0.005812,-0.016764
0.750000,0.038622,9.912619,-0.034938,-0.000315,0.007129,0.012938
0.760000,-0.021492,9.802763,-0.003958,-0.002715,0.007770,-0.003429
0.770000,0.037750,9.785676,0.010046,-0.008248,-0.003362,0.001310
0.780000,0.043698,9.789378,0.097578,-0.006912,0.013670,0.010177
0.790000,-0.083844,9.784364,-0.038196,0.013281,0.004197,0.000814
0.800000,0.012117,9.877203,0.001708,0.010777,-0.001233,-0.000016
0.810000,0.077288,9.832871,0.040471,0.004881,0.027097,0.017828
0.820000,0.019734,9.849868,0.016254,0.004358,-0.001722,-0.005370
0.830000,0.124773,9.802756,-0.054228,0.004714,-0.012338,0.003586
0.840000,-0.038025,9.741540,0.058080,-0.004513,0.012220,-0.003885
0.850000,0.067712,9.880236,0.031670,0.018018,-0.014067,-0.006504
0.860000,-0.006967,9.794525,0.070660,0.007572,-0.002363,-0.012835
0.870000,-0.045993,9.763855,-0.005172,0.003790,-0.013286,0.015318
0.880000,0.066964,9.822471,-0.056198,-0.003412,0.001005,-0.003459
0.890000,0.041325,9.789625,-0.035216,-0.005026,0.002624,0.014900
0.900000,-0.007921,9.765373,-0.018065,-0.012516,0.006127,-0.017047
0.910000,0.083383,9.764028,-0.038250,-0.003650,0.006744,-0.001867
0.920000,-0.005864,9.872461,-0.064593,-0.002914,-0.008942,0.003863
0.930000,0.092215,9.847088,-0.038919,-0.021165,-0.010827,0.000660
0.940000,0.048407,9.809807,0.042727,-0.017040,0.013724,-0.007346
0.950000,-0.036200,9.847407,-0.061150,-0.010098,0.003394,-0.003598
0.960000,-0.047927,9.839237,-0.022949,0.011905,0.006797,-0.013065
0.970000,0.132365,9.847274,-0.061448,0.001054,0.015997,-0.015022
0.980000,0.105800,9.786352,-0.064020,-0.006997,-0.011326,-0.010260
0.990000,-0.143098,9.817846,-0.077815,0.013529,-0.009527,0.009377
1.000000,0.122141,9.847158,0.019534,-0.009494,-0.001880,0.005243
1.010000,0.062014,9.818523,0.026898,0.011279,0.004065,-0.000334
1.020000,0.084243,9.725981,-0.049466,0.005591,0.005881,0.002032
1.030000,0.021808,9.694073,-0.045876,-0.004084,0.009800,-0.003648
1.040000,-0.036039,9.846278,-0.040205,0.003574,-0.003174,0.010652
1.050000,0.159970,9.747322,-0.031254,-0.004671,0.011321,-0.012191
1.060000,0.043674,9.794612,0.016065,0.011878,0.008470,-0.000826
1.070000,0.067277,9.842689,-0.003457,0.002844,0.008621,-0.005130
1.080000,0.071879,9.795463,-0.044925,0.003835,-0.004044,-0.008277
1.090000,0.137504,9.826383,0.118321,0.000055,0.004617,-0.005373
1.100000,0.097187,9.773883,-0.056109,-0.008703,0.014387,0.007502
1.110000,0.050443,9.805457,-0.006084,0.010273,0.011169,-0.005824
1.120000,0.131413,9.796953,-0.082163,0.001837,-0.019570,-0.000976
1.130000,0.137459,9.782238,0.034435,0.008206,0.010135,-0.008402
1.140000,0.106680,9.853481,-0.038646,-0.005814,0.008761,-0.004861
1.150000,0.183232,9.835781,-0.038290,0.000903,0.025487,0.000646
1.160000,-0.028978,9.745877,-0.052554,0.021392,0.001059,0.016128
1.170000,0.165032,9.783623,-0.109565,-0.007702,0.002154,0.004313
1.180000,0.136398,9.769317,0.022949,0.002822,0.011181,0.002162
1.190000,0.047380,9.815119,-0.086800,-0.002085,0.012445,-0.016636
1.200000,0.074001,9.872764,-0.013111,-0.000389,0.013396,0.000629
1.210000,0.113148,9.808551,0.000324,-0.007085,0.009632,0.001519
1.220000,0.047729,9.876728,0.141043,-0.007163,0.002950,-0.008271
1.230000,0.077692,9.866111,-0.042152,0.012685,0.006252,-0.022092
1.240000,0.088303,9.764129,0.032355,-0.001920,0.001010,0.001463
1.250000,0.227442,9.776464,-0.007793,0.006441,0.000644,0.005465
1.260000,0.039088,9.832908,0.052700,0.000968,0.007943,-0.005607
1.270000,0.180689,9.784602,0.003046,-0.010512,0.012947,-0.000448
1.280000,0.203967,9.849085,0.046090,0.005727,0.016526,-0.012165
1.290000,0.131439,9.806572,-0.070967,-0.001637,-0.013348,-0.005550
1.300000,0.105967,9.827585,-0.077599,-0.000751,0.014931,0.001110
1.310000,0.163858,9.791181,0.018191,0.003560,0.012105,-0.005277
1.320000,0.087369,9.849007,0.018382,-0.005088,0.008767,-0.015428
1.330000,0.148036,9.758342,-0.058491,-0.003573,-0.003505,0.000730
1.340000,0.205316,9.805253,0.011914,0.018400,0.001457,0.002484
1.350000,0.212912,9.781696,0.052843,0.009053,-0.011004,0.000892
1.360000,0.241976,9.896795,-0.036221,0.021289,-0.013635,0.004700
1.370000,0.266009,9.834444,0.038436,-0.007038,-0.003507,-0.010837
1.380000,0.226097,9.789005,-0.020012,-0.004290,-0.003714,0.002104
1.390000,0.287780,9.869337,0.003228,-0.002733,-0.010021,0.004921
1.400000,0.236393,9.776628,0.038488,0.005774,-0.000026,-0.004416
1.410000,0.191900,9.821326,0.060844,-0.000579,-0.010662,-0.002802
1.420000,0.341579,9.784055,0.065502,0.001755,-0.001570,0.002771
1.430000,0.332715,9.856311,0.005812,0.008774,-0.018115,-0.004272
1.440000,0.287430,9.808368,0.041361,0.003418,-0.007509,-0.001155
1.450000,0.325326,9.839559,-0.057305,0.006888,-0.010452,-0.016669
1.460000,0.356828,9.749829,0.084814,-0.013866,-0.000992,-0.004457
1.470000,0.247068,9.824987,-0.122624,-0.020432,-0.002631,-0.008107
1.480000,0.286430,9.820161,-0.012304,0.006612,-0.010490,-0.014918
1.490000,0.383779,9.824989,-0.024306,-0.024981,0.016073,0.008626
1.500000,0.429011,9.768691,-0.110775,0.003734,0.018543,0.009406
1.510000,0.414317,9.824386,0.045578,-0.013733,-0.015235,-0.002079
1.520000,0.367480,9.789765,0.009976,-0.002604,0.008560,0.007364
1.530000,0.392247,9.835332,-0.007500,-0.000956,-0.002492,-0.001541
1.540000,0.327217,9.883266,0.006517,-0.003520,0.002791,-0.010546
1.550000,0.418306,9.755924,-0.052556,-0.007628,0.004199,-0.005696
1.560000,0.475674,9.707668,0.011998,-0.007818,0.002421,0.000367
1.570000,0.415434,9.807201,-0.024587,0.010176,-0.008824,0.009388
1.580000,0.471703,9.871626,-0.001667,0.003849,0.004118,-0.000099
1.590000,0.466658,9.777866,-0.055426,-0.001067,-0.006203,-0.004724
1.600000,0.392836,9.783180,-0.026407,0.003059,-0.001879,0.004952
1.610000,0.521230,9.853297,0.015908,0.005293,-0.006318,-0.000448
1.620000,0.551250,9.886473,0.025048,-0.007655,0.007222,-0.000999
1.630000,0.546066,9.833501,0.057097,-0.027390,0.001418,0.013028
1.640000,0.638336,9.775848,0.009027,0.002088,-0.020270,0.001780
1.650000,0.626867,9.822773,-0.042253,0.014400,-0.002339,0.009962
1.660000,0.681600,9.802438,0.078527,-0.002908,-0.013562,-0.004194
1.670000,0.718409,9.764130,0.054346,-0.019067,0.013505,0.014367
1.680000,0.719595,9.750126,0.103437,-0.001048,0.012292,0.001419
1.690000,0.774677,9.891080,-0.006425,0.002260,0.002465,-0.000143
1.700000,0.824320,9.884209,-0.167438,-0.000007,0.008601,0.002164
1.710000,0.800214,9.860169,-0.090585,0.008951,0.000125,0.004974
1.720000,0.706630,9.722452,-0.002165,-0.001980,0.005196,-0.001450
1.730000,0.817735,9.842050,0.049797,0.007455,0.015622,-0.007868
1.740000,0.858381,9.862114,-0.070764,-0.000560,-0.004002,-0.019853
1.750000,0.921967,9.849168,-0.020788,0.007520,0.000376,-0.001920
1.760000,0.973047,9.768742,-0.069995,0.003020,-0.003662,-0.004926
1.770000,0.961996,9.766022,-0.055490,0.013934,0.008593,0.008406
1.780000,1.045341,9.802087,-0.101586,0.008841,-0.004741,-0.009056
1.790000,0.941114,9.831756,-0.078040,-0.002688,-0.001660,0.010086
1.800000,1.001217,9.798407,0.056048,-0.013857,-0.001716,0.000537
1.810000,1.096099,9.717858,0.007171,0.019494,-0.010229,0.002890
1.820000,1.049993,9.802771,-0.087090,-0.009084,0.016844,0.003377
1.830000,1.097462,9.800056,-0.013392,-0.002211,-0.001432,-0.016400
1.840000,1.228389,9.744631,-0.015857,-0.000690,0.007615,0.009980
1.850000,1.298171,9.863381,-0.002013,0.004834,0.008853,-0.005587
1.860000,1.292219,9.780613,0.030771,0.001845,0.011310,0.011787
1.870000,1.302757,9.852769,-0.023343,-0.025420,-0.006452,-0.000462
1.880000,1.371583,9.837440,0.023529,0.005897,-0.003875,-0.005099
1.890000,1.464353,9.825449,0.007998,-0.002761,-0.018598,0.005037
1.900000,1.540844,9.738566,0.008299,-0.010827,-0.000972,0.005037
1.910000,1.537023,9.818151,0.005070,0.009232,0.006139,-0.013958
1.920000,1.570797,9.843437,-0.041674,0.001445,-0.009642,-0.000698
1.930000,1.629588,9.810950,-0.030931,0.000208,-0.015019,0.011097
1.940000,1.701497,9.806351,-0.030535,-0.003379,-0.003612,-0.009247
1.950000,1.730473,9.806080,-0.046579,-0.014997,0.024772,0.002135
1.960000,1.887809,9.839132,-0.023720,-0.001550,-0.003740,-0.006165
1.970000,1.885860,9.791949,-0.078392,0.006382,0.001770,-0.005381
1.980000,1.893396,9.818040,0.061399,-0.005135,0.001315,0.015122
1.990000,2.050942,9.818497,0.115660,-0.007496,0.013445,0.011001
2.000000,2.078783,9.768961,0.007388,0.008168,-0.004764,0.016550
2.010000,2.150619,9.765837,-0.028662,-0.005158,0.009660,-0.003027
2.020000,2.224936,9.787057,0.023978,-0.019148,-0.003178,0.001206
2.030000,2.312620,9.822375,-0.014745,-0.006655,0.009622,0.006357
2.040000,2.363515,9.779771,-0.037269,0.004097,0.013515,0.007738
2.050000,2.408090,9.806723,0.092016,-0.012742,-0.012815,-0.031906
2.060000,2.478164,9.687535,-0.118479,0.004785,0.008768,-0.011105
2.070000,2.583493,9.858459,0.071926,0.010057,0.012013,-0.021725
2.080000,2.658663,9.883062,-0.038057,-0.010501,0.001421,0.012138
2.090000,2.696180,9.792251,-0.005247,0.001418,0.020066,0.007089
2.100000,2.818994,9.876245,0.029899,0.006100,0.008667,-0.007068
2.110000,2.998615,9.771019,0.091436,-0.013211,0.004418,-0.011768
2.120000,2.928353,9.756640,0.052474,-0.011916,0.007296,-0.005639
2.130000,3.007654,9.797869,-0.049772,-0.005200,-0.011575,-0.006169
2.140000,3.017906,9.783766,0.013373,0.002514,0.001666,-0.002625
2.150000,3.076715,9.887719,0.083041,-0.004480,-0.000177,0.001191
2.160000,3.194076,9.810839,0.081406,0.016203,-0.005323,0.015476
2.170000,3.171503,9.778547,0.002013,-0.016693,-0.018270,-0.004446
2.180000,3.378367,9.804978,-0.011663,-0.010644,0.015290,0.006620
2.190000,3.477212,9.700082,0.003904,0.011708,-0.003643,0.007116
2.200000,3.479586,9.874038,0.048678,-0.003152,-0.014658,-0.003479
2.210000,3.620977,9.850062,0.025400,0.001017,0.001402,0.000199
2.220000,3.702072,9.748560,-0.014229,0.012551,-0.014656,-0.014324
2.230000,3.839805,9.837082,-0.029913,0.021113,0.006253,-0.004204
2.240000,3.804441,9.837399,0.054604,-0.002292,-0.001529,-0.006869
2.250000,3.959901,9.773270,-0.039532,0.004596,0.010573,-0.006639
2.260000,4.008789,9.800218,-0.118277,-0.008054,-0.013059,0.003360
2.270000,4.069761,9.818713,-0.017197,0.001788,0.012946,0.011521
2.280000,4.111983,9.791026,0.053393,0.009615,-0.012004,-0.006981
2.290000,4.141508,9.843164,-0.094256,-0.002151,0.018229,-0.023825
2.300000,4.162286,9.898105,0.070054,0.011150,-0.012363,0.000820
2.310000,4.376890,9.746591,0.093377,-0.020069,0.003392,-0.000878
2.320000,4.372086,9.879074,0.057093,0.004828,0.019762,-0.001079
2.330000,4.421551,9.857533,-0.041348,0.008004,-0.008083,-0.004220
2.340000,4.469122,9.817601,0.025998,-0.004227,0.011342,0.011546
2.350000,4.523736,9.812844,0.059833,-0.000719,0.013431,0.001691
2.360000,4.544821,9.827458,-0.012401,0.002847,-0.006775,0.026166
2.370000,4.588884,9.830587,0.008706,-0.005798,-0.012625,0.000512
2.380000,4.673878,9.819526,-0.008862,0.016638,-0.000268,0.001169
2.390000,4.779138,9.783174,-0.044143,-0.009747,0.000136,-0.006554
2.400000,4.795759,9.799358,-0.024551,-0.002094,-0.029504,0.000960
2.410000,4.782858,9.772854,-0.039921,-0.011363,-0.007153,0.003964
2.420000,4.779944,9.845024,0.029504,0.010751,-0.005007,-0.009318
2.430000,4.907443,9.749167,0.051156,-0.001738,0.009225,-0.003323
2.440000,4.933240,9.725637,-0.047242,0.013284,0.002763,-0.000863
2.450000,4.887418,9.856090,-0.025401,-0.002876,-0.005067,-0.001158
2.460000,4.924168,9.784087,-0.050674,0.015545,-0.006008,0.003937
2.470000,4.979950,9.741355,-0.078920,0.002834,0.008129,0.006955
2.480000,4.974779,9.774942,0.039466,0.012508,-0.009583,-0.003623
2.490000,4.941009,9.782853,-0.012178,0.002136,0.005225,-0.010586
2.500000,5.051300,9.844756,0.028619,-0.024424,-0.011690,0.028610
2.510000,4.985438,9.708813,-0.003665,-0.002374,-0.000669,0.007662
2.520000,4.931310,9.834655,0.024331,-0.004746,0.007897,-0.010174
2.530000,5.005217,9.762012,0.029344,0.027497,-0.000487,-0.006913
2.540000,4.890668,9.845141,-0.004106,-0.019755,0.014303,0.002555
2.550000,5.027929,9.789879,0.036988,-0.001685,-0.004112,-0.000904
2.560000,4.950635,9.816408,0.009541,-0.002782,0.011712,-0.025016
2.570000,4.888682,9.782818,-0.012313,0.002240,-0.009721,-0.017801
2.580000,4.869397,9.832562,0.075651,0.009660,-0.003403,-0.004487
2.590000,4.864596,9.946563,0.067056,-0.003949,-0.015337,0.021085
2.600000,4.875718,9.808026,-0.051578,-0.000691,-0.018858,0.005903
2.610000,4.722368,9.827138,-0.047007,0.006473,-0.001225,-0.002752
2.620000,4.732130,9.827109,0.043673,-0.003427,-0.004209,-0.002238
2.630000,4.711762,9.828254,-0.044033,0.008937,-0.010923,-0.005924
2.640000,4.581021,9.891910,-0.002148,0.001314,-0.005981,0.022677
2.650000,4.590134,9.843994,-0.016527,-0.002173,0.025483,-0.004441
2.660000,4.418243,9.781796,0.081758,0.008719,-0.009282,0.006045
2.670000,4.503155,9.717577,0.023969,0.000165,-0.006973,-0.016200
2.680000,4.416598,9.819064,-0.032992,-0.017931,0.002035,-0.010235
2.690000,4.442289,9.779903,-0.111537,-0.001739,-0.014716,0.012856
2.700000,4.322832,9.800565,-0.007458,0.004138,-0.001046,0.003990
2.710000,4.201315,9.741014,0.018603,-0.007091,-0.015553,0.003515
2.720000,4.142136,9.941284,-0.096355,-0.005372,0.014966,0.017724
2.730000,4.150055,9.761319,0.022684,-0.002169,-0.006687,-0.004732
2.740000,4.028483,9.744028,-0.055931,0.000331,-0.004168,0.004894
2.750000,3.981599,9.832894,0.032744,0.009334,-0.006220,-0.002073
2.760000,3.900715,9.806284,0.085234,-0.001763,-0.009941,-0.002491
2.770000,3.831155,9.814443,-0.070258,0.008564,0.001083,-0.012686
2.780000,3.763284,9.774095,0.055711,0.011205,0.001406,-0.001892
2.790000,3.653008,9.916139,-0.050586,-0.010860,-0.008348,-0.009147
2.800000,3.505751,9.860219,-0.040740,-0.002074,-0.012402,0.000735
2.810000,3.532463,9.776536,0.072278,0.003886,-0.012129,0.010918
2.820000,3.441255,9.858891,0.002946,-0.006125,-0.018461,0.003164
2.830000,3.317430,9.810187,-0.049684,-0.003685,-0.010491,-0.010606
2.840000,3.239071,9.800293,-0.032036,-0.007688,-0.001616,0.003488
2.850000,3.218744,9.778536,0.007962,0.006090,0.008179,-0.005189
2.860000,3.204468,9.861538,-0.037305,0.002408,-0.006711,0.000034
2.870000,3.090988,9.766986,0.077797,0.010453,0.014128,-0.014666
2.880000,2.931303,9.822506,0.001660,0.009660,0.000184,-0.003926
2.890000,2.841699,9.756718,0.063205,-0.009262,-0.000625,-0.039283
2.900000,2.916938,9.848807,0.031940,0.005290,-0.002127,0.012912
2.910000,2.805207,9.817829,0.034989,0.006073,0.013985,0.004188
2.920000,2.728282,9.745270,0.019054,0.002198,-0.000704,0.004590
2.930000,2.671244,9.740347,-0.027774,0.002971,-0.001598,-0.004648
2.940000,2.516873,9.814248,0.037119,-0.014032,0.016557,-0.007647
2.950000,2.415746,9.946959,-0.077433,0.006627,0.006521,0.004429
2.960000,2.409804,9.755639,0.021718,-0.006635,0.003939,0.000143
2.970000,2.339883,9.825416,0.035278,0.010239,0.001991,-0.001928
2.980000,2.205724,9.772605,0.006850,0.017838,0.012283,-0.010768
2.990000,2.252491,9.773064,0.005581,0.014546,0.011479,0.007907
3.000000,2.173031,9.778952,0.025422,-0.021980,0.005335,0.014742
3.010000,2.087545,9.775265,-0.008203,0.007935,-0.013957,-0.008828
3.020000,2.022265,9.781001,0.045612,0.012840,-0.008917,-0.007551
3.030000,1.999553,9.877977,-0.010417,0.007137,-0.000292,0.000168
3.040000,1.838581,9.802417,0.017526,0.000894,0.005085,0.005130
3.050000,1.837836,9.773238,-0.034846,0.019155,0.009811,0.002522
3.060000,1.646456,9.836849,-0.035895,-0.002102,0.000912,0.004079
3.070000,1.746168,9.777350,-0.112838,-0.005419,0.016063,0.016478
3.080000,1.714681,9.854796,-0.036371,-0.006637,0.004417,-0.009936
3.090000,1.541618,9.861979,0.066673,0.004396,-0.002660,0.009444
3.100000,1.569168,9.787016,0.033751,0.008495,0.002186,-0.003570
3.110000,1.564445,9.855873,-0.015194,-0.007945,0.004664,0.000197
3.120000,1.449849,9.794305,0.031470,-0.012305,-0.000679,-0.010539
3.130000,1.355434,9.809995,-0.029776,-0.003687,0.006316,0.001693
3.140000,1.354487,9.827743,0.009880,-0.013014,0.001867,-0.014652
3.150000,1.346969,9.826080,-0.002995,0.006002,-0.004014,0.004182
3.160000,1.255783,9.889878,-0.109771,-0.008114,0.019279,0.004939
3.170000,1.249647,9.800885,0.003179,-0.006510,-0.006362,0.020275
3.180000,1.189328,9.843300,0.030353,-0.023866,0.003063,-0.008200
3.190000,1.182895,9.827617,0.059940,0.005313,0.005498,-0.000477
3.200000,1.165648,9.823032,0.059266,-0.007310,-0.000670,-0.007736
3.210000,1.051134,9.819867,-0.064954,0.006521,-0.003674,-0.006472
3.220000,0.996325,9.890287,0.024459,-0.004002,0.006108,-0.002890
3.230000,0.863075,9.773880,-0.051076,-0.018861,0.011109,0.009612
3.240000,0.987930,9.820284,0.084062,0.004810,-0.006358,-0.006664
3.250000,0.907547,9.835428,-0.017687,-0.006519,0.010536,-0.003066
3.260000,0.874231,9.680639,0.063274,-0.003642,0.004045,0.002495
3.270000,0.828791,9.791012,0.053885,0.006994,-0.004932,-0.015176
3.280000,0.780940,9.839744,0.111597,-0.000769,0.003302,0.002038
3.290000,0.898223,9.806930,-0.037697,0.002498,0.016127,0.009210
3.300000,0.727467,9.816111,-0.032784,-0.004817,-0.003831,-0.003221
3.310000,0.763981,9.749422,0.018336,0.000246,0.017905,-0.011159
3.320000,0.664567,9.779663,-0.020341,-0.000100,0.007511,0.005199
3.330000,0.741359,9.797362,0.067483,0.008260,-0.008493,0.001760
3.340000,0.712456,9.887241,-0.106338,0.000432,-0.003062,0.006018
3.350000,0.637496,9.829488,-0.030860,-0.004710,-0.007172,0.002933
3.360000,0.593326,9.771632,0.026752,-0.006194,-0.006545,-0.015359
3.370000,0.664424,9.777655,-0.053521,0.013401,0.004349,0.001719
3.380000,0.575481,9.857142,0.004464,0.004682,0.004706,-0.008652
3.390000,0.566456,9.752232,-0.034573,0.007452,-0.015895,0.002269
3.400000,0.537112,9.840132,0.021085,0.002245,-0.013922,-0.010100
3.410000,0.469048,9.839707,-0.021372,-0.002035,-0.001639,-0.008646
3.420000,0.510735,9.769178,-0.021587,0.002311,0.006337,-0.004018
3.430000,0.445742,9.889501,-0.034925,-0.006109,-0.011184,0.003251
3.440000,0.475342,9.743834,-0.003570,-0.013058,-0.004487,-0.014719
3.450000,0.467103,9.819673,0.008493,0.004425,0.006289,0.011222
3.460000,0.405150,9.786269,0.083590,-0.001346,-0.002181,-0.013723
3.470000,0.494017,9.797977,0.039779,0.001524,-0.001952,0.003474
3.480000,0.490780,9.787945,0.060336,-0.005722,-0.000639,-0.004453
3.490000,0.374272,9.866325,0.001659,0.026228,-0.005352,-0.000449
3.500000,0.349850,9.770219,-0.053808,0.003227,-0.001077,-0.003420
3.510000,0.280213,9.859428,-0.034970,-0.000544,-0.003290,0.011756
3.520000,0.285663,9.822828,0.042279,-0.023513,0.012205,-0.004070
3.530000,0.308269,9.819775,0.018893,0.004093,0.018466,-0.018231
3.540000,0.301801,9.831597,-0.003715,-0.007076,-0.002557,0.012125
3.550000,0.246099,9.826694,-0.033569,0.012762,0.007529,-0.006193
3.560000,0.239736,9.853358,0.070815,0.006001,-0.006366,0.001152
3.570000,0.262230,9.705325,-0.017086,-0.004799,-0.004808,-0.011235
3.580000,0.278167,9.833615,0.002802,-0.002252,0.008182,-0.005383
3.590000,0.268149,9.840319,-0.012164,0.003215,0.013782,-0.007123
3.600000,0.271683,9.875576,0.023917,-0.019480,-0.000255,-0.023222
3.610000,0.271728,9.840907,-0.020215,0.004284,-0.000683,0.004674
3.620000,0.221095,9.797123,0.072970,-0.007970,0.006035,-0.001468
3.630000,0.240902,9.811323,0.047509,-0.008191,-0.008958,0.013664
3.640000,0.115688,9.744039,-0.058840,-0.004121,0.004365,-0.014455
3.650000,0.254603,9.762206,0.043198,0.000432,0.005984,-0.004012
3.660000,0.204152,9.782684,-0.004241,0.009640,0.012871,0.010384
3.670000,0.200470,9.783081,-0.001337,0.003175,-0.004707,-0.006442
3.680000,0.173773,9.805046,-0.021666,-0.000454,0.012391,-0.003170
3.690000,0.159946,9.902275,-0.019180,0.010275,0.008974,0.001270
3.700000,0.222730,9.855067,0.028111,-0.002156,-0.001520,-0.003305
3.710000,0.131390,9.819323,-0.022655,-0.005541,0.002662,0.005213
3.720000,0.195075,9.786389,-0.044902,0.004285,-0.005265,-0.007671
3.730000,0.155078,9.885217,0.019343,-0.030900,0.010689,-0.013987
3.740000,0.099104,9.733379,-0.016923,0.000388,-0.005262,0.008730
3.750000,0.147267,9.825790,-0.027810,-0.001942,0.004588,-0.006804
3.760000,0.030102,9.796612,0.075545,0.006030,0.016426,0.026850
3.770000,0.177516,9.804661,-0.028013,-0.001379,-0.013127,0.002389
3.780000,0.163876,9.818371,-0.018757,-0.017388,0.003634,0.002293
3.790000,0.191219,9.818644,0.056949,-0.000776,0.002720,0.006020
3.800000,0.118868,9.805695,0.052635,-0.004452,0.003631,-0.008983
3.810000,0.107966,9.830404,-0.039594,0.003489,-0.018857,0.002111
3.820000,0.135083,9.843214,0.032728,0.008807,0.003335,0.011182
3.830000,0.069475,9.797317,0.032368,-0.002161,0.021115,0.002439
3.840000,0.057856,9.809571,0.049056,0.004238,0.012725,-0.012471
3.850000,0.098701,9.881324,-0.017585,-0.003835,0.011064,0.008902
3.860000,0.105716,9.805964,0.033933,0.012934,0.008289,-0.009334
3.870000,0.132571,9.760731,0.061101,0.007866,0.000902,-0.009233
3.880000,0.011349,9.801050,-0.055486,-0.009922,-0.007345,0.012451
3.890000,0.091124,9.832616,-0.014542,0.015189,-0.009623,-0.010351
3.900000,0.030655,9.847199,0.033200,-0.013293,-0.010062,-0.006857
3.910000,0.084147,9.743151,0.021837,0.010658,0.004108,-0.008321
3.920000,0.143324,9.774736,0.095081,0.007598,-0.006346,0.009619
3.930000,0.104229,9.758592,0.020447,-0.007050,-0.001624,0.007148
3.940000,0.106463,9.821948,0.017871,-0.001930,0.004190,0.008477
3.950000,0.007665,9.835237,-0.036860,0.005799,0.004127,0.001175
3.960000,-0.020271,9.790089,0.015265,-0.001157,-0.002902,-0.004795
3.970000,0.114175,9.775593,-0.011789,0.004982,-0.004282,-0.001289
3.980000,-0.005042,9.728792,0.082097,-0.007430,0.002497,-0.001794
3.990000,0.126091,9.955027,0.117638,0.005799,-0.006789,0.003617
4.000000,0.041001,9.808174,-0.016914,0.020396,0.001066,-0.008949
4.010000,0.064778,9.794356,0.011642,-0.010403,-0.004899,0.000921
4.020000,0.114597,9.768985,-0.052117,-0.008286,-0.011182,0.004228
4.030000,0.111089,9.842752,0.063036,0.009773,0.008351,0.005210
4.040000,0.079546,9.806615,0.016763,-0.017357,0.011427,-0.000746
4.050000,0.111171,9.835636,0.104569,-0.016808,-0.003792,0.009549
4.060000,0.030434,9.788128,-0.053371,0.006009,-0.008378,0.000963
4.070000,0.069221,9.868716,-0.100426,0.005318,0.002936,-0.013708
4.080000,0.098555,9.788292,0.065758,0.007679,0.004687,0.007182
4.090000,0.063540,9.703168,-0.079369,0.004358,0.019981,-0.015805
4.100000,-0.023346,9.778393,-0.057153,-0.001367,-0.012514,0.003974
4.110000,0.086969,9.724298,-0.014207,0.023717,0.003312,0.002147
4.120000,0.172770,9.835944,0.041486,-0.020738,-0.002006,-0.020076
4.130000,0.193483,9.811384,-0.027215,0.010731,0.006267,0.002033
4.140000,0.130650,9.837213,0.003456,0.001546,0.009790,-0.002515
4.150000,0.022176,9.887429,0.014775,-0.002095,-0.013019,0.006559
4.160000,0.031580,9.713238,-0.005160,0.006487,-0.003003,0.004570
4.170000,0.019428,9.758336,0.016046,0.014230,-0.014793,-0.013541
4.180000,0.007943,9.759937,-0.060815,0.003438,0.016357,-0.000926
4.190000,-0.009834,9.770262,0.018100,-0.003510,0.011444,0.011840
4.200000,0.045136,9.778885,0.032774,-0.000974,-0.002775,-0.009480
4.210000,0.021052,9.865704,-0.061250,0.018002,-0.019994,0.011959
4.220000,0.060714,9.800556,0.023173,0.004928,0.005263,0.003365
4.230000,0.027550,9.886716,0.046446,-0.012497,-0.008599,0.000466
4.240000,0.011514,9.834883,0.000873,0.004775,-0.007958,-0.012090
4.250000,-0.020251,9.775114,0.051910,0.004112,-0.007423,0.006931
4.260000,0.084533,9.777785,-0.039883,-0.015943,-0.014698,-0.006988
4.270000,0.090640,9.794261,0.040683,-0.000939,-0.010207,-0.003862
4.280000,0.033621,9.787964,0.018043,-0.002590,-0.007543,0.001590
4.290000,0.064298,9.780136,0.065745,0.012620,0.023045,0.002933
4.300000,-0.018830,9.896198,-0.017281,0.003947,-0.002621,-0.004550
4.310000,0.012075,9.774487,-0.040802,-0.001675,0.007183,0.003239
4.320000,-0.119008,9.766725,0.021002,0.003127,0.003302,-0.019941
4.330000,-0.139452,9.850075,0.058607,-0.013283,0.000604,-0.007571
4.340000,-0.055106,9.795476,0.006419,0.014031,-0.000087,0.006575
4.350000,0.026372,9.787092,0.085015,-0.002527,0.001217,0.020101
4.360000,-0.011585,9.726484,-0.043771,0.001143,-0.008070,0.008271
4.370000,-0.026141,9.763934,-0.004043,-0.007959,-0.008771,-0.001126
4.380000,-0.014062,9.779844,0.024012,0.006438,0.013252,-0.004661
4.390000,0.017503,9.795518,0.052691,0.003109,-0.001485,0.016622
4.400000,-0.032081,9.870119,0.001802,0.010872,0.005631,0.007026
4.410000,0.045116,9.790871,0.108003,0.013632,-0.009885,0.000267
4.420000,0.019974,9.851216,-0.034773,0.003396,0.010487,0.002322
4.430000,0.016947,9.870913,0.023288,-0.002320,-0.002152,-0.009481
4.440000,-0.089005,9.806246,-0.017022,-0.019026,-0.002411,-0.011283
4.450000,0.000574,9.771775,0.057943,-0.006017,0.020035,0.004245
4.460000,-0.018992,9.743675,-0.028023,0.012424,-0.008395,0.005994
4.470000,-0.044233,9.762910,0.044488,-0.009158,-0.011880,0.009929
4.480000,0.028508,9.763743,-0.102651,-0.002712,-0.013144,-0.009023
4.490000,0.009646,9.746358,0.007475,-0.005050,0.012206,0.001715
4.500000,-0.026094,9.791036,0.016467,-0.011022,-0.010875,0.000064
4.510000,-0.007988,9.836069,-0.065680,0.005861,0.004573,0.005852
4.520000,-0.079750,9.745453,-0.014968,-0.006822,-0.005142,-0.006972
4.530000,-0.014151,9.881538,-0.081725,-0.004666,0.005533,0.019169
4.540000,-0.010129,9.771575,-0.034214,-0.004637,-0.003198,-0.004970
4.550000,0.052999,9.871836,0.020592,0.006202,0.017593,-0.002136
4.560000,-0.082472,9.831719,0.003032,-0.006205,-0.000804,0.011959
4.570000,0.004127,9.845003,-0.081840,0.001499,0.009218,0.001388
4.580000,0.024052,9.853824,0.060874,0.004653,0.012407,-0.006421
4.590000,-0.010250,9.910315,-0.060788,0.024088,-0.012441,-0.010737
4.600000,0.034465,9.814445,-0.131856,-0.009313,-0.001265,-0.001254
4.610000,0.041007,9.798576,-0.028414,-0.004963,-0.007994,-0.001720
4.620000,-0.075929,9.830587,-0.012934,-0.014758,0.015236,-0.001161
4.630000,0.073397,9.726691,-0.032940,0.003336,-0.016950,0.007924
4.640000,0.025815,9.825174,-0.004953,-0.004895,0.002415,-0.003052
4.650000,0.031629,9.816718,-0.052710,0.001070,-0.006252,-0.002349
4.660000,-0.000046,9.803055,0.022767,-0.004901,0.001652,0.006037
4.670000,0.036549,9.932848,0.067674,0.013730,-0.015900,-0.013017
4.680000,0.038979,9.795236,-0.011551,-0.000134,0.001703,-0.017760
4.690000,0.010905,9.772277,-0.070897,0.016757,-0.008864,0.001617
4.700000,0.011219,9.842252,0.020065,0.001673,0.013160,0.014287
4.710000,-0.002723,9.815649,0.015741,0.001264,-0.005050,-0.007963
4.720000,-0.014211,9.732686,0.062014,0.009833,-0.016086,-0.000543
4.730000,-0.020641,9.826449,0.020731,0.002297,-0.003914,-0.003107
4.740000,0.054718,9.731907,0.045521,-0.014158,0.000435,-0.007481
4.750000,-0.013165,9.874523,-0.032305,0.006499,0.015777,-0.002735
4.760000,0.050869,9.707117,-0.001056,0.000454,-0.010872,0.007281
4.770000,-0.016325,9.823463,-0.071085,-0.019269,-0.004939,-0.006174
4.780000,0.026546,9.786081,0.058352,0.009910,-0.003358,-0.005017
4.790000,0.042944,9.843857,-0.072188,-0.014004,-0.010094,-0.001335
4.800000,0.002094,9.754867,0.005451,0.000603,0.024961,0.006942
4.810000,0.043545,9.813777,-0.007231,-0.005926,-0.002365,0.001040
4.820000,0.072271,9.777917,0.009867,-0.001178,0.026020,0.007724
4.830000,0.000370,9.808666,-0.009270,-0.006310,-0.004521,0.008406
4.840000,-0.001621,9.796103,0.107046,-0.004305,-0.010802,0.000284
4.850000,0.095717,9.757233,0.083234,-0.003020,0.003074,0.005696
4.860000,0.084500,9.912297,-0.043836,0.006484,-0.005946,0.000644
4.870000,-0.091441,9.777603,0.002707,0.013072,0.011468,0.000842
4.880000,0.090162,9.678253,-0.039720,0.003327,0.011382,-0.002130
4.890000,0.036542,9.851738,0.009262,0.001154,0.012164,-0.006917
4.900000,0.037592,9.781293,-0.103625,-0.008471,-0.011207,-0.011281
4.910000,-0.005680,9.853181,-0.006601,0.005499,-0.006337,-0.001303
4.920000,0.033402,9.793797,0.050002,0.008047,0.005171,-0.017744
4.930000,-0.004745,9.745254,-0.005843,-0.002178,0.002483,-0.002378
4.940000,0.038142,9.831519,0.020340,0.000988,0.003234,-0.013977
4.950000,-0.047849,9.833856,-0.047296,0.010650,0.002412,-0.012472
4.960000,0.037502,9.877357,-0.047896,0.007375,-0.012573,-0.001727
4.970000,-0.150690,9.772622,-0.025049,-0.011482,-0.002846,0.012383
4.980000,-0.056546,9.901654,-0.029982,-0.011729,0.008301,0.003621
4.990000,0.068324,9.821543,-0.030781,-0.018440,-0.008139,-0.002332
5.000000,-0.093441,9.846594,0.088819,-0.001234,-0.001961,-0.009193
5.010000,-0.020500,9.823910,-0.041705,0.021265,0.009471,-0.000534
5.020000,-0.013770,9.810442,0.028172,-0.013786,-0.015385,0.012555
5.030000,-0.036533,9.798946,-0.022215,-0.002920,-0.001067,0.002325
5.040000,-0.022415,9.812298,0.061074,-0.008195,0.014771,-0.012641
5.050000,-0.033768,9.713896,0.026326,-0.011688,0.000450,0.006431
5.060000,0.062410,9.795260,-0.078951,0.004729,0.014888,-0.009142
5.070000,-0.075707,9.781360,-0.066414,0.014904,0.009388,-0.007600
5.080000,-0.109151,9.897782,0.005612,-0.005201,0.004283,0.003069
5.090000,-0.146269,9.759579,0.027015,-0.008053,0.002718,-0.000005
5.100000,0.005498,9.792404,0.047065,0.011506,-0.003307,-0.003077
5.110000,-0.003831,9.867802,0.113545,-0.010475,0.007331,-0.005384
5.120000,-0.037882,9.811222,-0.065921,-0.006659,-0.012040,-0.005341
5.130000,-0.121811,9.748320,0.008210,-0.005539,0.006206,-0.011418
5.140000,0.017336,9.818188,0.031098,-0.003007,0.007336,-0.002319
5.150000,0.029017,9.787492,0.056827,-0.002057,0.001725,0.014906
5.160000,0.038755,9.885395,-0.012015,0.016604,-0.002125,0.003331
5.170000,0.011614,9.863674,-0.074732,0.003257,0.002842,0.002148
5.180000,-0.069399,9.765755,0.092887,-0.001061,0.015556,0.015012
5.190000,-0.012996,9.837227,0.043835,0.001965,0.005389,-0.003573
5.200000,0.083933,9.918782,-0.035496,0.008946,-0.000504,-0.024471
5.210000,0.042540,9.766909,-0.051626,-0.025855,-0.002954,0.006406
5.220000,0.075308,9.753883,-0.034739,0.007724,0.017913,0.006399
5.230000,0.019530,9.795242,0.024267,0.006320,-0.012722,0.004839
5.240000,-0.062845,9.755263,-0.096391,-0.008947,0.005444,-0.005156
5.250000,0.021872,9.792739,0.049292,0.000384,-0.000221,-0.016349
5.260000,-0.078483,9.810614,0.010575,-0.005383,-0.006270,-0.003399
5.270000,-0.011467,9.769670,0.089949,-0.004957,0.018795,-0.010844
5.280000,0.029943,9.874048,-0.046867,-0.013061,-0.004055,-0.003346
5.290000,0.110539,9.775749,-0.073652,0.007002,0.001132,0.008375
5.300000,0.058758,9.898579,0.037164,-0.009831,-0.008749,-0.001824
5.310000,-0.092615,9.724240,-0.042767,0.008010,0.007466,-0.004328
5.320000,0.088369,9.780109,0.048260,-0.007895,0.016717,-0.004695
5.330000,-0.018372,9.809857,-0.062988,-0.012410,0.017222,0.000208
5.340000,0.025967,9.795758,-0.057077,0.013531,-0.006360,0.000151
5.350000,0.063104,9.792164,-0.024116,-0.009165,0.011074,0.001908
5.360000,-0.029197,9.899497,0.061519,-0.007893,0.001723,-0.007671
5.370000,0.019792,9.722713,-0.062030,0.016306,0.000672,-0.017085
5.380000,0.051153,9.821338,-0.000006,0.011505,0.007162,0.013842
5.390000,-0.035245,9.880158,0.088841,-0.008675,-0.000883,0.016828
5.400000,0.031755,9.744417,-0.012662,-0.009628,0.001168,0.016127
5.410000,-0.031318,9.865819,0.070847,-0.015566,0.003904,-0.004481
5.420000,-0.042467,9.832225,0.102539,0.001849,-0.004667,0.014305
5.430000,0.036199,9.843855,-0.043851,0.007649,-0.000769,-0.008939
5.440000,-0.065408,9.703158,0.043468,0.002851,0.008524,-0.009471
5.450000,0.008605,9.775103,0.038308,-0.009148,-0.003196,0.008676
5.460000,0.047775,9.720035,0.021839,-0.002823,0.010186,-0.006069
5.470000,-0.088276,9.815030,0.052332,-0.005266,-0.009728,0.006732
5.480000,-0.037198,9.814187,0.041594,0.006084,0.008188,0.003131
5.490000,0.032700,9.816378,0.049880,-0.007158,0.001572,0.010849
5.500000,-0.015695,9.808678,-0.025724,-0.012404,-0.010126,0.006160
5.510000,-0.038678,9.805867,0.077223,0.006586,0.020283,-0.000955
5.520000,-0.007555,9.777159,0.028494,-0.010829,0.008410,-0.015015
5.530000,-0.023888,9.807906,0.001660,-0.000847,0.003360,-0.007935
5.540000,-0.019829,9.834304,-0.015339,-0.013842,0.001883,-0.007075
5.550000,-0.081837,9.799918,0.053909,0.001949,-0.007131,0.002062
5.560000,0.029004,9.865375,0.054231,0.017094,-0.009486,0.001475
5.570000,-0.033067,9.781982,-0.011983,0.000220,0.001456,0.000954
5.580000,-0.029097,9.833803,0.052676,-0.009950,-0.007565,-0.023066
5.590000,-0.000009,9.744780,-0.020151,-0.010270,0.002107,0.001347
5.600000,0.017368,9.862179,-0.079564,-0.008389,-0.015015,-0.017782
5.610000,0.051257,9.815717,-0.012168,-0.000067,0.007665,0.009975
5.620000,-0.051526,9.831001,0.004355,-0.000796,-0.009671,-0.001321
5.630000,0.005199,9.862198,-0.027635,0.004118,0.000379,0.012519
5.640000,0.139720,9.816742,0.029644,-0.003363,-0.006569,0.009277
5.650000,0.034951,9.895889,-0.034819,-0.016658,0.019649,-0.003072
5.660000,-0.012910,9.719062,0.052170,0.006468,-0.001657,-0.005513
5.670000,0.077025,9.859282,0.036763,-0.015648,-0.001913,0.008008
5.680000,-0.014894,9.932207,-0.004577,0.003739,0.003170,-0.001155
5.690000,-0.021412,9.871356,-0.013513,-0.008836,0.004772,0.003452
5.700000,-0.041045,9.781740,-0.041492,0.020553,-0.016796,-0.011936
5.710000,0.032363,9.758490,-0.092591,0.003434,0.006867,0.002319
5.720000,0.038909,9.807815,-0.089955,-0.022284,-0.014529,0.012846
5.730000,0.004895,9.797793,-0.079381,-0.001522,0.002369,-0.005892
5.740000,0.094444,9.799850,-0.046353,0.019169,0.013909,0.007969
5.750000,-0.051737,9.881627,0.021558,0.004187,-0.005101,-0.002488
5.760000,0.032717,9.794850,0.031167,-0.003300,-0.006917,0.004900
5.770000,-0.015713,9.841710,0.059483,-0.003133,0.003377,-0.004506
5.780000,-0.016887,9.846395,0.052873,-0.005602,-0.014694,-0.013312
5.790000,-0.024307,9.766281,-0.009292,-0.009779,-0.022333,-0.008602
5.800000,-0.067073,9.781965,0.041284,-0.018765,-0.011596,0.006348
5.810000,0.012686,9.841113,-0.060105,0.008566,-0.003415,0.000017
5.820000,-0.058726,9.766330,-0.025518,0.020229,0.008544,0.009577
5.830000,-0.029335,9.881718,0.056110,-0.007859,0.007516,0.018797
5.840000,-0.095204,9.798365,0.018894,0.015999,-0.003305,0.000316
5.850000,-0.050619,9.802750,0.046179,-0.003276,-0.012528,0.003124
5.860000,-0.043334,9.796539,0.004757,0.012349,0.002898,-0.005788
5.870000,-0.039413,9.824543,0.038244,0.018592,0.013240,0.013419
5.880000,-0.034621,9.809357,0.014205,0.005307,-0.004498,0.006846
5.890000,-0.046511,9.721840,0.050430,0.004958,0.017330,0.003000
5.900000,-0.043575,9.803555,-0.045366,0.000719,-0.008509,-0.013317
5.910000,0.016275,9.819510,-0.010537,-0.003116,-0.007815,0.006224
5.920000,0.000527,9.700637,-0.071841,-0.010309,-0.004287,0.002727
5.930000,-0.099165,9.797380,-0.013144,0.000110,0.009454,0.010703
5.940000,-0.110858,9.902669,0.023420,-0.008640,-0.007535,-0.008377
5.950000,-0.047506,9.747692,-0.048547,-0.005081,0.013424,0.010718
5.960000,-0.003595,9.799454,-0.014484,-0.014728,-0.011552,0.015018
5.970000,-0.017231,9.826421,-0.075781,0.002446,-0.010624,-0.010712
5.980000,0.038560,9.824946,-0.039351,0.028698,0.004074,-0.000491
5.990000,0.055690,9.868221,0.088991,0.009170,-0.001752,0.018286
6.000000,-0.000516,9.824814,0.053494,0.017343,-0.003259,0.011317
6.010000,-0.013853,9.729493,0.042070,0.011345,0.023477,-0.019271
6.020000,0.070893,9.860000,-0.026854,-0.004989,-0.003831,-0.018448
6.030000,-0.029838,9.800223,0.081954,-0.003526,0.011317,0.008969
6.040000,-0.025469,9.773844,-0.037125,-0.002517,-0.015513,-0.012396
6.050000,-0.060184,9.859945,-0.021247,0.011429,0.015299,0.013021
6.060000,0.055863,9.871825,-0.008861,0.020861,0.004733,-0.005908
6.070000,0.032046,9.930663,0.000641,0.008543,0.004683,-0.009386
6.080000,-0.082983,9.816804,-0.085894,-0.006519,0.014366,-0.001844
6.090000,-0.003516,9.757286,0.027558,0.014829,0.010811,-0.000556
6.100000,0.064749,9.815132,0.036935,-0.000336,0.012643,0.010020
6.110000,0.015235,9.768044,0.014745,0.016255,0.005511,0.007048
6.120000,-0.031191,9.823006,0.017129,0.019804,-0.013157,-0.006971
6.130000,0.023925,9.734276,-0.008370,0.030644,0.002695,-0.016132
6.140000,-0.039378,9.842890,0.017534,0.010032,0.002208,-0.007818
6.150000,-0.085453,9.823040,0.060097,0.001433,-0.015979,0.006510
6.160000,-0.047566,9.789831,0.040210,-0.022287,-0.004659,0.013063
6.170000,0.002311,9.862534,0.012577,0.014206,-0.009380,-0.001135
6.180000,-0.037454,9.778573,-0.033638,0.004382,0.000619,0.007661
6.190000,-0.027399,9.804689,0.008792,-0.006189,-0.006622,0.005830
6.200000,-0.051163,9.805665,0.018279,-0.001927,-0.009752,0.000553
6.210000,-0.025745,9.794358,0.024051,-0.006549,0.002013,-0.000176
6.220000,-0.138185,9.755154,0.039227,-0.002515,-0.001580,-0.001393
6.230000,-0.063548,9.790058,0.063875,0.010618,0.003751,0.004399
6.240000,-0.030835,9.835509,0.003124,0.007831,-0.013245,-0.002057
6.250000,-0.067036,9.824921,-0.032826,0.001071,-0.009676,-0.002459
6.260000,-0.158888,9.821311,-0.034119,-0.001832,-0.012089,0.007613
6.270000,-0.059552,9.819176,0.031262,0.005088,-0.002763,0.001062
6.280000,0.026836,9.886599,0.022876,0.004362,0.012173,0.003095
6.290000,-0.076236,9.829326,-0.074260,0.010377,-0.002730,-0.009733
6.300000,-0.047531,9.815773,-0.073981,-0.007466,0.014505,-0.003440
6.310000,-0.083797,9.843540,-0.114618,-0.004371,0.017071,0.003676
6.320000,-0.064576,9.783909,0.023888,-0.010396,-0.005871,-0.005740
6.330000,-0.100183,9.849644,-0.039741,0.007001,0.003118,0.004793
6.340000,-0.106900,9.802658,0.030997,-0.005001,0.000275,-0.008406
6.350000,0.002197,9.762127,-0.041932,0.007334,0.004607,0.005649
6.360000,-0.123462,9.814402,-0.066097,0.020114,0.003883,-0.006937
6.370000,-0.117380,9.800595,-0.006338,0.016811,0.002073,-0.004173
6.380000,-0.112865,9.892359,0.030222,-0.024467,-0.006329,-0.013572
6.390000,-0.170498,9.771285,0.052737,-0.007980,0.001990,0.006311
6.400000,-0.065352,9.839780,-0.051148,0.002568,0.016323,-0.011697
6.410000,-0.132352,9.860014,0.012990,0.004537,0.004460,-0.011549
6.420000,-0.164620,9.853670,-0.039680,0.005157,0.001973,-0.017976
6.430000,-0.194487,9.876074,0.080362,-0.000635,0.008202,0.012896
6.440000,-0.192282,9.821829,0.002938,0.004140,0.005718,0.000114
6.450000,-0.132315,9.742333,-0.020250,0.006653,0.019752,-0.004539
6.460000,-0.104709,9.825760,-0.015418,-0.013431,-0.010607,0.003555
6.470000,-0.176550,9.804109,-0.040338,-0.010095,-0.000068,0.005332
6.480000,-0.236116,9.802285,-0.001839,0.004867,0.010489,0.005699
6.490000,-0.080454,9.879036,-0.046191,0.024724,-0.003586,-0.002735
6.500000,-0.120900,9.802879,0.014232,-0.006732,-0.015902,0.005013
6.510000,-0.227182,9.834711,0.093680,-0.016972,-0.005541,0.021808
6.520000,-0.181415,9.804659,-0.057174,0.004252,0.003513,-0.006943
6.530000,-0.091789,9.824324,0.044725,0.005834,0.006521,0.010646
6.540000,-0.166811,9.843146,0.074570,0.007558,-0.017773,0.001484
6.550000,-0.198594,9.816692,-0.030529,-0.006232,-0.009333,0.006237
6.560000,-0.168211,9.761431,-0.014954,0.003198,0.008656,-0.006607
6.570000,-0.147207,9.828203,0.038413,-0.010646,-0.006925,0.014253
6.580000,-0.273403,9.750075,-0.019396,-0.013825,0.006686,0.009704
6.590000,-0.191244,9.762402,0.021693,-0.000696,0.006753,-0.002369
6.600000,-0.158167,9.858389,0.004074,0.014550,0.006645,0.006131
6.610000,-0.205874,9.738696,-0.026867,0.015010,-0.002838,-0.003342
6.620000,-0.191744,9.809778,-0.053257,-0.001491,0.022053,-0.005986
6.630000,-0.255337,9.799504,-0.095551,-0.016260,-0.008505,0.011280
6.640000,-0.242686,9.717051,0.018568,-0.001818,-0.013242,-0.005988
6.650000,-0.292640,9.788546,0.124266,-0.003864,-0.002573,0.007516
6.660000,-0.219800,9.771263,-0.043692,-0.003137,-0.019096,0.005249
6.670000,-0.246053,9.841545,0.031905,-0.005106,0.006048,0.000140
6.680000,-0.286107,9.758040,-0.102941,-0.006087,0.028391,0.000109
6.690000,-0.290847,9.816750,0.110257,0.010461,-0.018257,0.014694
6.700000,-0.391571,9.817299,-0.002720,-0.003261,-0.006064,0.011599
6.710000,-0.420534,9.719877,-0.002599,-0.005346,-0.013987,-0.003177
6.720000,-0.348034,9.775972,0.010032,0.002507,-0.018086,0.000231
6.730000,-0.302007,9.812017,0.016095,0.009198,0.010703,0.012389
6.740000,-0.314849,9.789590,0.032845,0.004302,-0.011309,0.015052
6.750000,-0.331230,9.840159,-0.028468,0.006199,-0.013625,-0.008412
6.760000,-0.354109,9.788583,-0.082613,-0.007417,0.007150,-0.001473
6.770000,-0.463253,9.759349,0.017343,0.004088,-0.003681,0.017614
6.780000,-0.407065,9.825423,-0.059101,0.011486,0.010359,0.012296
6.790000,-0.373995,9.767194,-0.034794,0.004972,-0.003004,0.002422
6.800000,-0.373879,9.842880,0.063983,-0.016665,-0.016304,0.014889
6.810000,-0.451115,9.828777,0.028838,-0.005453,-0.008242,-0.007386
6.820000,-0.532780,9.809592,-0.014896,0.003504,0.013817,-0.000313
6.830000,-0.443817,9.744356,0.020688,0.009160,-0.017054,-0.008607
6.840000,-0.531519,9.801028,-0.043750,0.012873,0.001577,-0.004891
6.850000,-0.400508,9.782617,0.080388,-0.004065,-0.006309,-0.008434
6.860000,-0.555319,9.730214,0.037193,0.007582,0.028241,-0.004688
6.870000,-0.583820,9.750932,-0.058608,0.004927,-0.015547,0.013279
6.880000,-0.545394,9.820943,0.043227,0.009163,-0.008214,-0.008079
6.890000,-0.600437,9.816007,0.038003,0.017904,-0.002112,0.007576
6.900000,-0.587378,9.771283,-0.013091,0.007755,-0.008256,-0.005256
6.910000,-0.600408,9.760793,0.003477,-0.014559,-0.007026,-0.002765
6.920000,-0.646348,9.685742,-0.033033,0.015241,0.014179,0.005836
6.930000,-0.726138,9.798064,0.033681,0.019691,0.013361,-0.002804
6.940000,-0.647028,9.792431,-0.003080,0.019580,-0.004368,-0.007295
6.950000,-0.816030,9.859004,-0.038134,-0.001162,-0.016991,0.012632
6.960000,-0.792287,9.793264,-0.062670,-0.005735,0.018553,-0.002687
6.970000,-0.815528,9.852296,-0.004427,0.024940,0.001093,-0.006530
6.980000,-0.779943,9.807097,0.038663,0.009162,-0.002169,-0.006884
6.990000,-0.793222,9.795842,-0.074238,-0.013110,-0.005195,-0.002753
7.000000,-0.885588,9.845222,0.010764,-0.015806,0.005234,-0.002781
7.010000,-0.808542,9.875688,0.007245,0.013467,-0.018472,0.019290
7.020000,-0.903220,9.792006,0.049631,0.013563,-0.009229,-0.016154
7.030000,-0.937741,9.924298,0.010665,-0.006181,0.007016,-0.000166
7.040000,-0.937612,9.709435,0.000791,0.009612,-0.000301,-0.004791
7.050000,-0.904880,9.768256,0.035099,-0.007061,0.014039,-0.001611
7.060000,-1.038787,9.788655,-0.025054,0.008383,0.016028,0.016045
7.070000,-1.019239,9.824157,-0.026887,-0.005983,-0.018399,-0.011268
7.080000,-1.066216,9.850076,-0.123002,0.003389,-0.007347,0.010723
7.090000,-1.127050,9.803608,0.002837,0.002860,-0.002336,-0.009203
7.100000,-1.141699,9.764022,-0.071926,0.009248,-0.005446,-0.014841
7.110000,-1.083661,9.722825,0.050860,0.000911,0.008191,-0.007959
7.120000,-1.172847,9.931499,0.012449,0.011980,0.000853,-0.007465
7.130000,-1.331276,9.849902,-0.072700,0.011797,-0.003907,0.009085
7.140000,-1.293986,9.824359,-0.046194,0.000551,0.004555,-0.025406
7.150000,-1.253819,9.875511,-0.021494,0.008943,-0.006293,-0.003488
7.160000,-1.362284,9.757415,0.002022,0.010155,-0.021728,-0.001821
7.170000,-1.299705,9.796765,-0.009965,0.003471,0.014593,0.009483
7.180000,-1.319416,9.813620,0.069132,-0.006054,-0.007976,-0.003733
7.190000,-1.341625,9.823280,-0.033761,0.005074,-0.017696,0.005629
7.200000,-1.449475,9.750035,-0.098891,0.014292,-0.002853,-0.018637
7.210000,-1.426102,9.745124,0.024921,0.008839,-0.027694,0.004201
7.220000,-1.436096,9.748114,-0.013501,-0.016366,0.008783,-0.015345
7.230000,-1.484883,9.856517,-0.028980,-0.000852,-0.010156,0.005636
7.240000,-1.540829,9.769229,0.091742,-0.011545,0.002963,0.005380
7.250000,-1.560809,9.850160,0.041356,0.006732,-0.007779,-0.000158
7.260000,-1.471405,9.808063,-0.026051,0.021382,-0.005988,0.001024
7.270000,-1.679454,9.812072,0.093898,0.006311,0.003238,0.003892
7.280000,-1.636012,9.822085,-0.037001,0.015406,-0.006451,-0.001711
7.290000,-1.638437,9.753988,0.032770,0.000243,0.004539,-0.000441
7.300000,-1.639149,9.799145,0.016850,-0.003286,-0.020706,0.000805
7.310000,-1.817296,9.794657,-0.063685,-0.006729,0.015974,0.017804
7.320000,-1.775244,9.856552,0.011114,-0.010452,0.007291,0.018621
7.330000,-1.792337,9.799205,-0.042769,0.011576,0.002127,-0.000572
7.340000,-1.828670,9.756234,-0.057280,0.001793,-0.000044,0.020412
7.350000,-1.817574,9.849138,-0.019375,-0.001521,-0.004457,0.001307
7.360000,-1.914341,9.812936,0.003453,0.017040,0.002572,0.003063
7.370000,-1.834570,9.773271,-0.028889,0.006970,-0.012246,-0.008913
7.380000,-1.983128,9.811348,0.011025,0.002230,0.007984,-0.016011
7.390000,-1.933661,9.816083,0.029769,-0.001718,0.009154,0.001879
7.400000,-1.913003,9.763022,0.009351,-0.015736,-0.010456,-0.015138
7.410000,-2.075305,9.896485,0.020046,-0.001266,0.017951,-0.009933
7.420000,-1.950808,9.791777,-0.075372,0.006890,-0.010910,0.016089
7.430000,-1.954595,9.860083,0.003017,0.001576,0.007977,0.004120
7.440000,-2.022961,9.746054,0.013492,0.010822,0.000864,0.021456
7.450000,-2.052806,9.859814,0.035814,0.003378,-0.000667,0.001751
7.460000,-1.983981,9.757771,-0.040468,-0.015444,0.016198,0.007397
7.470000,-1.986697,9.852571,-0.004370,-0.015624,0.007893,-0.000123
7.480000,-1.971388,9.886909,-0.005384,0.014722,-0.011237,0.004640
7.490000,-1.977547,9.761466,0.053354,-0.000129,-0.032489,0.007097
7.500000,-1.934625,9.853550,-0.073328,-0.000950,-0.011151,-0.008492
7.510000,-1.988959,9.748798,-0.096499,-0.016025,0.003196,0.014652
7.520000,-2.099873,9.780144,0.046965,0.014994,-0.019743,-0.012279
7.530000,-2.002596,9.796290,0.028921,-0.013522,0.014949,-0.013402
7.540000,-2.062281,9.803145,-0.012346,-0.009433,0.015421,0.011630
7.550000,-2.088798,9.721775,0.005754,0.008382,-0.003929,0.009309
7.560000,-1.947190,9.714603,0.004080,0.009475,-0.012539,0.023624
7.570000,-1.878837,9.782433,-0.059284,0.001824,-0.002346,-0.005799
7.580000,-1.946669,9.823971,-0.128399,0.001988,0.003156,0.003811
7.590000,-1.949159,9.793137,-0.031929,0.002988,-0.006536,-0.012140
7.600000,-1.925500,9.803805,0.004505,0.006013,-0.001914,-0.007706
7.610000,-1.992472,9.862052,0.054715,-0.008969,-0.002630,-0.004996
7.620000,-1.946663,9.835249,-0.000142,-0.016727,0.009024,0.002602
7.630000,-1.921565,9.817786,0.032789,-0.003781,0.005003,-0.003834
7.640000,-1.826402,9.818050,0.007688,-0.001186,-0.011060,-0.009920
7.650000,-1.850550,9.830450,-0.012885,0.015187,0.012742,-0.006780
7.660000,-1.819294,9.752598,-0.004353,0.005289,-0.007520,-0.000085
7.670000,-1.766795,9.790937,-0.016435,-0.003550,-0.003068,0.014300
7.680000,-1.768737,9.781951,-0.049422,0.000236,0.001978,0.007269
7.690000,-1.828508,9.752650,0.001197,-0.010310,-0.022454,-0.006672
7.700000,-1.730841,9.870028,0.060206,-0.014557,-0.011236,0.006126
7.710000,-1.719317,9.701019,-0.089426,0.000226,-0.015699,0.006288
7.720000,-1.650371,9.707304,0.029925,0.000934,-0.015320,-0.002425
7.730000,-1.630887,9.797063,-0.051790,-0.008110,0.012479,0.000816
7.740000,-1.579890,9.801828,-0.022305,-0.010743,0.003658,0.009081
7.750000,-1.608706,9.747697,-0.013777,0.010261,-0.005871,-0.014894
7.760000,-1.600705,9.830363,-0.009448,0.003786,0.012611,-0.007825
7.770000,-1.530825,9.847875,0.021270,0.002467,-0.007067,-0.003973
7.780000,-1.534524,9.910672,0.027836,-0.005497,-0.009280,-0.013687
7.790000,-1.416097,9.828104,-0.091882,-0.009903,0.015946,0.014810
7.800000,-1.363122,9.841231,0.017260,-0.008005,-0.002960,0.005033
7.810000,-1.362315,9.887957,0.033028,-0.003218,0.002566,-0.006566
7.820000,-1.324871,9.867775,0.006863,0.003648,0.011175,0.002519
7.830000,-1.356244,9.832539,0.012130,-0.000785,-0.013730,0.003304
7.840000,-1.356215,9.883505,0.021186,-0.005898,-0.009047,-0.003925
7.850000,-1.278649,9.796977,0.022245,0.009155,-0.019823,-0.003631
7.860000,-1.249180,9.802255,0.076256,-0.018353,0.000530,0.014979
7.870000,-1.255926,9.741706,-0.006970,0.013521,-0.000016,0.016357
7.880000,-1.130879,9.856786,-0.050824,0.002874,0.018235,0.006801
7.890000,-1.231687,9.790494,-0.027355,-0.011094,0.014982,-0.010656
7.900000,-1.161052,9.818824,-0.062778,-0.005847,-0.010736,-0.002188
7.910000,-1.089420,9.826247,0.009962,0.006209,-0.010149,-0.003323
7.920000,-1.092025,9.850742,-0.030919,0.006285,0.004162,-0.001076
7.930000,-1.058026,9.779981,0.029431,0.012206,-0.005472,-0.005536
7.940000,-1.058992,9.784610,0.026733,0.000588,-0.010699,-0.007634
7.950000,-0.910184,9.841692,-0.013020,-0.027735,-0.001546,-0.011826
7.960000,-0.864980,9.819796,-0.061768,-0.018629,-0.017751,-0.010491
7.970000,-1.002874,9.873760,0.025023,0.011125,0.006974,-0.016779
7.980000,-0.897817,9.833922,0.004881,0.018020,0.004422,0.000795
7.990000,-0.902574,9.797982,-0.073497,-0.016594,0.012412,-0.010816
8.000000,-0.923761,9.761951,-0.032801,-0.024797,-0.006942,-0.007831
8.010000,-0.783119,9.777478,-0.090484,0.008667,0.008536,0.004189
8.020000,-0.751064,9.772727,0.010441,0.008035,0.007885,-0.000946
8.030000,-0.872754,9.795523,0.081350,0.005489,0.009505,-0.005672
8.040000,-0.812965,9.801737,0.033129,-0.005375,0.013745,0.005347
8.050000,-0.807630,9.792723,-0.044096,0.011347,-0.000098,-0.015369
8.060000,-0.624896,9.873726,-0.008965,0.005685,-0.008629,0.005222
8.070000,-0.626500,9.884624,0.056988,0.005912,-0.008605,-0.004769
8.080000,-0.736909,9.846290,-0.010140,0.004171,0.005441,0.004594
8.090000,-0.615171,9.793280,0.023278,-0.014612,-0.007427,-0.024334
8.100000,-0.452886,9.829583,0.069632,0.011761,-0.011061,0.013024
8.110000,-0.702513,9.781788,0.024920,-0.008520,-0.007828,-0.002048
8.120000,-0.575321,9.732181,-0.053660,-0.006588,0.004774,0.006157
8.130000,-0.555099,9.850417,-0.018874,-0.008852,0.006365,-0.001506
8.140000,-0.536217,9.852073,-0.017969,-0.009579,0.000195,-0.010861
8.150000,-0.526691,9.818200,0.079824,0.001746,-0.006084,-0.012962
8.160000,-0.504019,9.744631,-0.034300,0.001168,-0.000727,-0.000476
8.170000,-0.458955,9.783321,0.037282,-0.009266,-0.015360,0.002686
8.180000,-0.518833,9.802300,0.007114,0.001607,-0.003593,-0.011783
8.190000,-0.447770,9.845063,-0.025169,0.003354,0.003348,-0.002096
8.200000,-0.457260,9.796025,-0.030694,0.000458,0.002542,0.017196
8.210000,-0.426639,9.824841,-0.008126,0.000703,-0.011877,-0.010563
8.220000,-0.464869,9.827396,0.042231,-0.003921,0.009865,0.008565
8.230000,-0.438653,9.835335,0.041004,0.007749,-0.006061,0.004810
8.240000,-0.463735,9.831132,0.011791,-0.006335,-0.002393,-0.008387
8.250000,-0.383035,9.781534,0.021482,-0.018631,0.006253,0.008546
8.260000,-0.406638,9.753968,-0.006019,-0.006755,0.010044,0.010788
8.270000,-0.301226,9.778363,0.083616,-0.001028,-0.016313,-0.011518
8.280000,-0.416224,9.878003,-0.010697,-0.007264,-0.004760,-0.009452
8.290000,-0.303264,9.830289,-0.027008,-0.004887,-0.009100,-0.010576
8.300000,-0.291270,9.797292,-0.039410,-0.002157,-0.009807,-0.013639
8.310000,-0.322750,9.840521,-0.026836,-0.001346,0.002653,0.019756
8.320000,-0.292693,9.836149,-0.011716,-0.000946,0.024398,-0.008539
8.330000,-0.243909,9.824607,0.029449,0.014140,0.005294,0.003573
8.340000,-0.355340,9.836431,0.031523,-0.001454,-0.006874,-0.003260
8.350000,-0.256412,9.839701,-0.049401,0.006429,-0.002077,-0.009573
8.360000,-0.132592,9.803210,0.045314,-0.005521,-0.004201,0.007452
8.370000,-0.209016,9.847182,-0.074836,0.009107,-0.016932,0.003399
8.380000,-0.227105,9.766254,0.040529,-0.013260,-0.002625,0.013644
8.390000,-0.246573,9.762217,0.033967,-0.012039,-0.018476,-0.012284
8.400000,-0.197734,9.839032,-0.040515,0.004958,0.012758,0.005434
8.410000,-0.077736,9.818005,0.117660,-0.008844,0.013092,-0.014679
8.420000,-0.209280,9.782479,-0.074244,-0.005140,0.013781,-0.011753
8.430000,-0.158279,9.838131,0.034641,0.003565,0.001636,-0.012220
8.440000,-0.163321,9.781727,-0.000376,-0.007012,0.001450,0.011120
8.450000,-0.113810,9.715742,-0.106895,-0.013551,0.004995,0.008138
8.460000,-0.135743,9.789148,-0.059434,0.000703,-0.003732,0.007220
8.470000,-0.246738,9.732041,-0.056073,-0.003987,0.008391,-0.011812
8.480000,-0.172629,9.847308,-0.075040,0.007357,0.000416,0.004346
8.490000,-0.179694,9.840592,-0.008445,0.004492,0.002656,-0.002574
8.500000,-0.172075,9.884029,-0.035490,0.003008,0.016425,-0.006284
8.510000,-0.186721,9.785366,-0.021446,0.030612,0.006645,-0.004041
8.520000,-0.151184,9.760596,0.001970,-0.002671,0.017361,-0.005132
8.530000,-0.090422,9.829767,0.068436,0.008476,0.001633,0.006751
8.540000,-0.175495,9.894247,0.061235,0.009122,-0.002928,-0.011745
8.550000,-0.083348,9.700382,-0.066292,-0.006302,0.007170,-0.009823
8.560000,-0.234615,9.860615,0.061681,0.001625,-0.000987,0.005731
8.570000,-0.125028,9.768860,-0.024691,-0.002008,-0.005938,-0.001622
8.580000,-0.224026,9.869244,-0.031050,-0.002954,0.009702,-0.002140
8.590000,-0.071619,9.830055,-0.007947,-0.015611,-0.002435,-0.000982
8.600000,-0.111182,9.773919,-0.023142,-0.016210,0.000734,-0.004386
8.610000,-0.156668,9.798435,-0.035318,0.004785,0.000572,0.007694
8.620000,-0.005728,9.801650,-0.002768,0.001144,0.001911,-0.012739
8.630000,-0.076335,9.749579,0.003484,-0.005672,-0.017798,0.000414
8.640000,-0.140943,9.834387,-0.089034,0.006058,-0.005759,-0.000901
8.650000,-0.098760,9.812991,0.043687,-0.013693,-0.003217,0.014573
8.660000,-0.110057,9.821353,-0.005717,-0.002922,-0.004571,0.008010
8.670000,-0.067314,9.696471,0.023679,-0.006255,-0.005842,0.014149
8.680000,-0.095250,9.812484,-0.018315,0.011051,0.011220,-0.014915
8.690000,0.045159,9.851366,-0.093440,0.002714,0.008161,0.000455
8.700000,-0.007181,9.793258,-0.037602,0.016339,-0.012414,0.012742
8.710000,-0.081891,9.888563,-0.068629,-0.005415,0.005050,-0.003666
8.720000,-0.023459,9.855556,0.058099,0.016465,-0.016381,0.004925
8.730000,-0.083995,9.667706,0.025716,-0.021087,-0.010282,0.000506
8.740000,-0.011758,9.747851,-0.028476,0.002876,0.004264,0.001378
8.750000,-0.130721,9.828304,-0.001353,0.002524,0.028301,-0.006993
8.760000,-0.031859,9.783271,0.008763,-0.015719,0.008126,-0.001730
8.770000,-0.087481,9.909984,-0.053473,-0.007347,-0.002584,0.013757
8.780000,-0.081072,9.911110,-0.020248,-0.028814,0.008522,0.015672
8.790000,-0.024419,9.863197,-0.072178,0.018472,-0.009476,0.005883
8.800000,-0.001555,9.816748,0.057867,-0.001057,-0.008656,-0.017315
8.810000,-0.105757,9.878673,0.064675,-0.004922,-0.000026,-0.006171
8.820000,-0.094547,9.835406,-0.077015,0.019172,0.011006,0.008228
8.830000,-0.090640,9.819174,-0.019972,-0.000613,0.003981,-0.002908
8.840000,-0.060817,9.836574,0.098508,0.000537,-0.005981,-0.001480
8.850000,-0.080789,9.800350,0.021542,0.009282,-0.017181,0.007432
8.860000,-0.066379,9.839380,0.050378,-0.000888,0.015728,-0.009312
8.870000,-0.040775,9.827529,0.037695,0.003061,0.005119,-0.001803
8.880000,0.021595,9.792683,0.026453,-0.003022,0.001870,-0.000536
8.890000,-0.041068,9.776622,-0.060609,-0.007695,0.010532,-0.002619
8.900000,-0.013914,9.837160,0.044606,0.011355,-0.001672,-0.000236
8.910000,0.039247,9.731602,0.027555,0.009556,0.005098,0.014647
8.920000,-0.084212,9.800511,-0.040357,-0.011746,0.011145,-0.008404
8.930000,0.000782,9.881671,0.037642,0.009488,0.008676,-0.004606
8.940000,-0.081615,9.866506,0.005631,0.018892,-0.014585,-0.004132
8.950000,-0.034080,9.753236,0.038112,0.005190,0.010341,-0.004872
8.960000,-0.087160,9.851336,0.067209,0.002594,-0.002489,0.013751
8.970000,0.044671,9.793297,-0.017586,0.015107,0.018832,0.003178
8.980000,-0.031235,9.771239,0.044559,-0.005300,0.008229,-0.003770
8.990000,0.047351,9.783427,0.101493,-0.005694,0.000077,0.014673
9.000000,-0.043161,9.788636,-0.066540,-0.005802,-0.003486,-0.000686
9.010000,0.054477,9.804673,0.079075,0.018064,-0.010044,-0.015456
9.020000,0.015972,9.840044,-0.014637,-0.007284,0.009833,0.002634
9.030000,0.004470,9.829464,-0.015774,-0.002985,0.005853,0.010905
9.040000,0.044065,9.780727,0.028529,0.007353,0.003908,0.012994
9.050000,-0.091035,9.753929,0.038808,0.007228,0.003019,0.016572
9.060000,-0.093287,9.800170,-0.022546,0.004739,0.007843,-0.000511
9.070000,0.074478,9.791783,-0.019380,0.000154,0.009102,0.028326
9.080000,-0.074233,9.811268,-0.078136,-0.010564,-0.013544,-0.019069
9.090000,0.002835,9.821892,-0.083470,0.004770,0.009158,0.006187
9.100000,-0.011878,9.859860,-0.028075,0.005549,-0.005838,0.004961
9.110000,-0.035601,9.819187,-0.042716,0.001849,-0.002130,0.004202
9.120000,-0.043843,9.871043,-0.006214,-0.009400,0.006143,0.020844
9.130000,0.016294,9.935359,-0.121800,-0.014637,-0.007329,0.006103
9.140000,0.120919,9.850926,0.029173,-0.003141,-0.008827,0.012411
9.150000,0.046180,9.880984,-0.023378,-0.008352,0.003945,0.008375
9.160000,-0.073554,9.783618,0.023661,-0.013833,-0.005912,0.000458
9.170000,0.088026,9.790980,-0.066885,-0.002348,0.000672,-0.012657
9.180000,-0.006363,9.712539,0.002109,0.015095,0.018892,-0.011138
9.190000,-0.018527,9.760027,0.045893,0.002944,0.013841,-0.007692
9.200000,-0.080137,9.803271,-0.039295,-0.007368,-0.004125,-0.000377
9.210000,0.038980,9.842087,0.155483,-0.016526,-0.006337,0.001721
9.220000,-0.013965,9.929418,0.039236,-0.007309,-0.004750,0.009072
9.230000,-0.022457,9.827341,0.059448,0.008611,-0.002232,0.004243
9.240000,-0.015072,9.833726,0.105934,-0.024282,-0.008403,-0.010607
9.250000,0.011210,9.837350,-0.000777,0.012077,0.000588,0.003747
9.260000,-0.044976,9.892258,0.019603,0.001069,-0.013297,0.006626
9.270000,-0.015990,9.845673,-0.020833,0.022303,-0.010188,-0.004371
9.280000,-0.004264,9.839251,-0.050043,0.002998,-0.023425,-0.009200
9.290000,0.057045,9.825908,-0.050579,-0.002322,0.007002,-0.000797
9.300000,0.048902,9.789475,-0.016691,0.003516,0.000249,-0.002378
9.310000,0.060275,9.884601,0.004781,0.006656,-0.000477,0.001599
9.320000,-0.048722,9.839753,0.043857,-0.022348,0.008013,0.005970
9.330000,-0.041633,9.704083,-0.009089,0.015194,-0.012255,0.014790
9.340000,-0.022792,9.799237,0.033727,0.005165,-0.012417,-0.019900
9.350000,-0.063184,9.886802,-0.021149,0.016354,-0.004181,-0.005812
9.360000,-0.038313,9.788100,-0.071666,0.004204,-0.004206,-0.006977
9.370000,0.081751,9.776681,0.010510,-0.002697,-0.011714,0.004015
9.380000,-0.076108,9.913404,-0.007404,0.005272,-0.005014,0.012502
9.390000,-0.008924,9.790364,0.030140,-0.006723,0.007832,-0.007289
9.400000,0.004567,9.755831,-0.016956,0.008803,0.003438,0.002226
9.410000,-0.037586,9.759545,-0.101504,0.003129,-0.029120,0.013398
9.420000,-0.019854,9.732785,0.019436,-0.003424,0.002299,-0.019768
9.430000,-0.029176,9.857028,0.017301,0.008597,-0.004889,0.005631
9.440000,-0.117720,9.810846,0.066768,-0.004103,-0.003045,-0.003448
9.450000,-0.135621,9.731845,0.010770,-0.002703,-0.000614,0.011843
9.460000,0.016879,9.798583,0.071088,-0.013633,0.000467,-0.017288
9.470000,-0.002422,9.920432,0.011839,-0.010957,-0.003087,-0.005534
9.480000,-0.086758,9.866343,-0.019155,-0.006848,0.010630,0.009929
9.490000,-0.009827,9.827293,0.041824,0.010720,0.026596,0.002025
9.500000,0.047178,9.808773,0.026310,0.012244,0.011363,-0.015163
9.510000,-0.004166,9.806752,0.011970,-0.006436,-0.019251,-0.010864
9.520000,0.074222,9.760497,0.105370,-0.001435,-0.012551,0.000954
9.530000,-0.049844,9.789886,0.053104,-0.007837,0.008211,0.019107
9.540000,-0.057021,9.876099,-0.018960,-0.008144,0.000862,-0.009847
9.550000,0.009582,9.836654,0.019550,-0.004967,0.022302,-0.010296
9.560000,0.043825,9.825778,-0.000343,-0.009466,0.008402,-0.024359
9.570000,0.045904,9.797179,0.036834,-0.008551,-0.019423,0.005777
9.580000,-0.012552,9.858352,-0.050484,-0.011805,0.019147,0.003778
9.590000,-0.067335,9.729830,-0.022486,0.004109,0.003649,-0.007640
9.600000,0.104511,9.778660,-0.034667,0.006688,-0.023928,0.001476
9.610000,0.018399,9.826479,-0.154261,-0.002335,-0.014030,0.012223
9.620000,-0.103530,9.771916,-0.065129,-0.006009,-0.008773,-0.014579
9.630000,-0.066621,9.804741,-0.022215,0.001273,0.007727,0.002666
9.640000,-0.014218,9.813596,-0.087098,-0.010357,-0.005370,-0.008430
9.650000,0.038536,9.919563,-0.021793,-0.004775,-0.016515,-0.000472
9.660000,-0.062765,9.801265,-0.027102,0.008271,-0.012599,-0.009206
9.670000,0.041010,9.756063,-0.063517,-0.006167,-0.001272,-0.007695
9.680000,0.001651,9.815618,-0.007460,0.002277,0.017553,0.009345
9.690000,0.035129,9.755152,0.075356,0.016017,0.003804,0.001669
9.700000,0.070448,9.881327,-0.075141,-0.000596,0.001160,-0.017387
9.710000,-0.065777,9.760948,-0.044651,-0.012762,-0.017100,0.006161
9.720000,-0.002751,9.854450,-0.033227,-0.010106,-0.010699,0.015955
9.730000,-0.072209,9.832107,0.051106,0.001823,-0.003410,-0.001495
9.740000,0.047302,9.835684,-0.003556,0.002058,-0.010738,0.009542
9.750000,0.024820,9.857364,0.018242,0.001351,-0.027655,0.001979
9.760000,-0.007066,9.834927,-0.001653,-0.009617,-0.008858,0.004281
9.770000,-0.005424,9.730719,-0.031868,0.001832,0.014367,0.001736
9.780000,-0.015631,9.826575,-0.023943,-0.012645,-0.023439,0.009705
9.790000,-0.017429,9.834476,0.068408,-0.005479,-0.008113,0.004839
9.800000,0.015187,9.669924,-0.059525,-0.013400,-0.002017,0.005131
9.810000,-0.096669,9.734288,-0.007295,0.004302,-0.003060,0.008133
9.820000,0.032746,9.841073,0.009694,-0.001401,0.006787,-0.003717
9.830000,0.009778,9.795271,0.049075,-0.010511,0.008036,-0.000807
9.840000,0.019423,9.847536,0.103752,0.002884,0.000610,0.018743
9.850000,0.028534,9.839151,-0.040914,-0.020697,-0.006367,0.010197
9.860000,-0.015018,9.805054,-0.050803,0.002385,-0.012296,-0.004555
9.870000,0.005233,9.799201,0.026678,0.001894,0.019620,0.012388
9.880000,-0.078186,9.745807,-0.110091,0.020519,-0.008706,0.009069
9.890000,-0.066509,9.851274,0.159246,-0.003719,0.010264,-0.006330
9.900000,-0.002386,9.764316,0.033874,0.006596,0.014786,0.008528
9.910000,0.027513,9.811406,0.063134,-0.005659,0.001174,0.004318
9.920000,0.026637,9.792099,-0.002266,0.003439,0.011819,-0.007526
9.930000,-0.047914,9.883199,0.035082,0.004846,-0.000797,-0.010166
9.940000,-0.010377,9.793999,0.038313,-0.014059,-0.001684,0.002641
9.950000,0.016405,9.828672,0.098618,0.004483,0.000981,0.008224
9.960000,0.075034,9.897891,-0.105613,-0.018602,0.010076,0.012778
9.970000,0.009995,9.830468,-0.132580,0.008947,-0.010915,0.017325
9.980000,-0.066484,9.859577,0.051866,0.003443,0.003582,-0.009343
9.990000,-0.035854,9.797503,0.031813,-0.013136,-0.023372,-0.016393
10.000000,-0.011896,9.861736,0.034781,-0.005008,0.010355,-0.006898
